نام طراح,برند,توضیحات طراح
آریگا توروسیان,ariga-torosian,آریگا توروسیان که نام تجاری خود را در سال 2016 معرفی کرد، طراح مد و هنرمندی ایرانی-ارمنی متولد تهران است. آریگا در دو فرهنگ غنی ایران و ارمنستان پرورش یافت با به کارگیری دانش بصری و استفاده از ابزارهای تصویری شرق و غرب، مسیر نه چندان هموار مد را به راهی درخشان و پر از دستاورد مبدل کرد. آریگا با اتکا به دانش خود در زمینه گرافیک و مجسمه سازی سعی در استفاده از مد به عنوان پیوند و پلی ارتباطی میان افراد با محیط پیرامون خویش دارد. طراحی لباس های توروسیان نه تنها به عنوان رختی پوشاننده، بلکه به عنوان یک رفتار زیبایی شناسانه برای استفاده روزمره ی افراد، موفق به ایجاد نوعی نظم بصری شده اند. او به دور از هرگونه پیچیدگی در رنگ ها و بی هیچ نگاه فلسفی، رنگی را صرفا برای راحتی بصری انتخاب میکند که خود ریشه در رفتار رنگ های سیاه و سفید در هنر شرقی دارد. تمایز آریگا با هنر مینیمال که تاکید بر سادگی دارد، استفاده از اشکال هندسی در طراحی هایش است؛ چیزی که تلاشش برای ایجاد نوعی آرامش در تلاطم و شلوغی زندگی شهری را بی نتیجه نگذاشته است.
آیدا و آناهیتا متین,A2-by-Matin,"""آ به توان٢"" يك برند مستقل و""ساخت تهران "" است که توسط خواهران متين، آيدا و آناهيتا در سال 1394 پایه گذاری شد. خواهران متين هر دو فارغ التحصيل رشته نقاشى از دانشكده هنر و معمارى تهران هستند و این تجربه همواره الهام بخش آنها در خلق آثارشان بوده و هست . ""آ به توان ٢ "" خط معاصر متين ديزاين و معرف خلاصه اى از مسير هنرى طراحان اين برند است و زماني تاسيس شد كه آناهيتا متين مشغول تحصيل مد در دانشگاه IUAV ونيز بود. در طول اين زمان يك انقلاب درونى سبب شد كه خود را ما بين دو اقلیم ايران و ايتاليا حس کند و این امر جرقه ی جستجويى خلاق در دنیای يك مهاجر شد. در اين لحظه بود که A^2 بدنیا آمد؛ برندی میان دو فرهنگ و در عین حال با هویتی منحصر به فرد. از آغاز سال 1399 اين برند درمسير تولید محصولات اش با استاندارد های مد پايدار است؛ A^2 برای دستیابی به این هدف با خياط ها و بافنده هاى محلى همکاری و حمايت از توسعه ی شغلى بانوان میکند؛ به امید فردایی سبزتر."
آرشیدا نوایی,Rishe,ریشه از طراحی شروع شد؛ از طرح ریشه ی درختان و گیاهان و امروز کودک و طبیعت را با هم پیوند میدهد. در روند تولید محصولات ریشه سعی میشود با استفاده از نخ و پارچه تمام کتان و غیر حیوانی، استفاده از دور ریز پارچه ها و طراحی آگاهانه از طبیعت حمایت شود. تمام کار های ریشه طراحی منحصر بفرد خود را دارند و به همین خاطر در تعداد محدود تولید میشوند. همه ی مراحل کار با دقت و تلاش هنرمندانه پیش میرود و مخلوقات ریشه کار دست اند. آرشیدا نوایی طراح ریشه رشد سریع کودکانی که سال های ابتدایی عمر خود را میگذرانند را در نظر میگیرد، و لباسی می سازد تا مدت طولانی تری قابل استفاده باشند. به امید این که کودکانمان در رابطه ای عمیق تر با طبیعت و آرامش بیشتری رشد کنند.
آرمین نجیب,Armin-Najib,"آرمین نجیب متولد 1989 در تهران است. او تحصیلات خود را در رشته ی مهندسی مکانیک ، گرایش مکانیک جامد و طراحی در دانشگاه آزاد به پایان رساند. در نگاه آرمین ، هنر فراتر از چارچوب ها و محدودیت هاست. او آن را مکانی جذاب و مبهمی می داند كه هنرمند را برانگیخته کرده و به تکاپو می اندازد تا در فرآیندی كه منجر به یك اثر هنری می شود حضور داشته باشد. از نگاه او جواهر سازی, امروز معنای متفاوتی از هنر را به دوش می کشد. چرا که هنرمند پس از سپری کردن مدتی طولانی در آتلیه و به چالش کشیدن متریال ، منجر به زایش اثری می گردد که متاثر از فضای ذهنی پیچیده ای است. اثری که نه ترجمه است، نه صرفاً ساخت و نه تنها زیبایی؛ گویی آنچه که هست از ابتدا بوده . فضایی قدرتمند و نیرومند و نه روزمره و دکوراتیو، بلکه انعکاسی است از خود هنرمند در اثر. در آثار او ، همه چیز به بدن ارتباط پیدا می کند ، اما به ضرورت های آن محدود نیست. آثار او به دنبال پاک کردن مرزها و محدودیت ها هستند. آنها یک نوع حرکت و هندسه غیرمعمول را تشخیص می دهند. یک قطعه سرد نقره ای تمایل به استحکام و اصلاح دارد ، بنابراین او نمی خواهد مانند جواب نهایی به بدن تحمیل شود.او دوست دارد با سوال بدن را به چالش بکشد ، بنابراین جواهرات را به پرسش تبدیل می کند. آرمین نجیب از طریق مطالعه ی کتاب های مرجع و مرتبط در زمینه تکنیک های جواهر و مجسمه سازی و بهره گیری ا‌ز آنها به صورت عملی و تجربی، جواهر سازی را آموخت و فعالیت حرفه‌ای خود در زمینه‌ی جواهرسازی معاصر را با ارائه اولین مجموعه اش با عنوان- اولین، کوچک مجسم ها- در سال ۱۳۹۰ آغاز نمود. او در ساخت دست سازه هایش اغلب از متریالی همچون نقره (Sterling Silver 925) و گاهی برنز و استیل بهره می جوید. تکنینکی که او به کار می بندد lost wax casting یا همان ساخت مدل اولیه توسط موم و سپس ریخته گری مستقیم آن است. دست سازه هایش همگی تک نسخه و غیر قابل تکرار می باشند. مجموعه اولین کوچک مجسم ها، سال ۹۰ پشت آدم شهری، سال ۹۲ کانون معماران معاصر زمان، سومین مجموعه سال ۹۴ چهارمین مجموعه برنز، سال ۹۷ مریخ، مجموعه ی پنجم سال۹۷ گالری آٌ"
آیدا حبیب زادگان,aidajan,"آیدا حبيب زادگان فارغ التحصيل رشته ی طراحی پارچه و لباس از دانشگاه الزهرا تهران است که پس از به پايان رساندن دوره ی كارشناسی، تحصيلات خود را در دانشگاه مارانگونی ميلان در رشته ی تخصصی استايلينگ فشن کامل کرد. او پس از بازگشت به ايران فعاليت خود را آغاز کرد و در سال ٢٠١٧ برند ""آيداجان"" را بنیان گذاشت. طراحی های ""آیداجان"" مبتنی بر مشاهدات مفهومی است که از احساسات شخصی، ادراک و تجربه ی باطنی او ناشی می‌شوند و از موضوعات گوناگون با ریشه های هندسی الهام می‌گیرند. رویکرد جسورانه، ساختارشکن و معاصر ""آیداجان"" در انتخاب پارچه و طراحی، همراه سرپیچی از کلیشه ها، از ویژگی های اصلی این برند است که آن را متمایز می کند."
آگاپه باباخانی,AGA_ACCESORIES,"آگا يك برند اكسسورى است كه توسط طراح آن، آگاپه باباخانى در سال ٩٦ شروع به كار كرد. بزرگ شدن در خانواده اى با شغل صنعتى و تحصيل در رشته معمارى همه ی آن داستانى است كه آگا را تعريف مى كند. ""سازه"" و ""فرم"" در هر اثر یکدیگر را تكميل میکنند، تركيب این دو در مجموعه ""آرك"" به اوج خود رسید، مجموعه اى كه از معمارى ايرانى الهام گرفته بود و خود الهام بخش مجموعه هاى بعدى آگا شد. ""آگا يك زيور انسانى است و خود به تنهايى يك استايل است."""
آیدا اسماعیلی,gonbad,
آیدا اسیری,Ayda_Asiri,
امیر حسین مهدی زاده,AmirHosein,"امیرحسین مهدی زاده دانش آموخته دانشگاه سینت مارتینز لندن (CSM) به کارآموزی در خانه های فشن مشهور و تاثیرگذاری از جمله مزون مارجلا (Maison Margiela) و الکساندر مک کویین (Alexande McQueen) پرداخت و پس از کسب مهارت های استاد کارانه در زمینه های طراحی، اجرا و و ارائه فرم شخصی خود را پروراند. سپس در سال 1391 استودیوی خود به نام ""استودیو امیرحسین"" را با ارائه ی آثار عمدتا تک نسخه و ویژه در قالب اوت کوتور (Haute Cuture) پایه گذاشت. ""امیرحسین-تهران"" اما تلاش این طراح در پر کردن جای خالی لباس های کاربردی و جوان در عین حال با هویت و کیفیت است که با همکاری نیروی جوان در راه حفظ طرح های ایرانی با معاصرسازی شان پیش میرود."
ارغوان روزبه,Arghavan-Rouzbeh,ارغوان روزبه متولد ۱۳۶۸ از تابستان ۱۳۹۸، بعد از چند سال تجربه کار در حوزه گرافیک و با توجه به دانش آکادمیک در این رشته و داشتن مهارت در صنعت چاپ و برش بر پایه تجربیات پدرش که سال‌ها در این حوزه تخصص دارند، فعالیت خود را در زمینه تولید اکسسوری، با رویکرد تلفیق زیبایی شناسی سنتی و مدرن آغاز کرد. اشکال هندسی و معاصر، در کنار عناصری از گنجینه‌ی غنی و میراث ایران قدیم (مثل سکه های قدیمی وسرامیک های لعاب خورده) قرار می گیرند و با ترکیب رنگ هایی با غلظت بالا، تلفیق متفاوتی از هنر معاصر و کلاسیک به وجود می‌آورند. غالب مخاطبان برند او، زنان و مردان جوانی هستند که زیبایی اصیل و کلاسیک را همراه با جدیدترین ترندهای روز دنیا می‌خواهند؛ همچنین افرادی که دوست دارند المانی رنگی در پوشش روزانه‌ی خود داشته باشند اما هنوز جسارت ایجاد تغییر در رنگ لباس‌های خود را پیدا نکرده‌اند و به راحتی می توانند این دگرگونی را با اکسسوری شروع کنند. تمام کارهای بافت دار، به صورت تک نسخه ای هستند، هر کار تغییر جزیی ای نسبت به کار قبلی دارد، و به این ترتیب هر کار مثل اثر انگشت برای هر شخص متفاوت خواهد بود. این رویکرد در طراحی او باعث شده هر فرد اکسسوری ویژه خود را داشته باشد.
انوشه محمدخانی و نگار جاویدی راد,virago,"""ويراگو"" فعالیت خود را از سال ١٣٩٩ آغاز کرده و می‌کوشد تا در مسیر مد پایدار قدم بردارد. آثار این برند مد آهسته از تکه پارچه های گوناگون به-یافت و در تعداد محدود و با کیفیت تولید می‌شوند. کانسپت اجرایی ویراگو نگرش سبک ها و استایل های شخصی زنان است و طراحی کلاه و دیگر اکسسوری های لباس را در برمی‌گیرد. با قدرت برای آینده انجامش می‌دهیم. -ویراگو-"
استدیو مدام,Modam,""" ُمــــدام"" يك استودیو ی فّعال در زمینه ی ُمــد و دیزاین است كه از آغاز سال ۱۳٩٥ در تهران شروع به فعالیت کرده است. این استودیو علاوه بر نیرو و سرمایه های انسانی متشکل از متخصصین مجرب در بخش دیزاین و تولید، مجهز به ابزارهای روز تولید پوشاک نیز هست که در تمامی مراحل مختلف آن اعم از تأمین مواد اولیه‌ی مرغوب تا عرضه‌ی محصولی با استاندارد و کیفیت مستقل بوده و پروسه‌ی طراحی در آن بصورت تیمی، کاربر محور و تجربه‌گرا می‌باشد. "" ُمــــدام "" بر این باور است در جامعه‌ی مصرف‌۱گرای امروزی، کالا می‌تواند تبدیل به رسانه شود. از این‌رو محصولات دیزاین که پیام رسان تفکری مشخص‌اند، به واسطه‌ی حضور جاری‌شان در زندگی روزمره‌ی‌ ما می‌توانند در فراگیر شدن آن تفکر نیز نقش موثری داشته باشند. "" ُمــــدام"" سادگی را یک اصل می‌داند، با این نگاه استودیو "" ُمــــدام"" چالش خود را در مواجهه با سادگی گذاشته است. سادگی هنری است که با کمینه گرایی، خلق فرصت می‌کند. "" ُمــــدام"" با انتخاب سادگی و ِست پذیری در دیزاین و تولید محصویل با کیفیت و با دوام، همراهی پایداری با زمان و زمین دارد. سادیگ و ِست پذیری لباس امکانی است برای فراتر رفتن از ُمــد و سلیقه‌ی شخصی اکنونمان و کیفیت فرصتی است برای آشتی با طبیعت و کاهش مصرف‌گرایی. بدین سبب نه تنها محصول این استودیو در شکل و سیاق ساده، و به تعبیری مینیمال است بلکه در برگیرنده‌ی پیامی هم است: احترام به زمین، زمان و انسان."
الهام علیرضایی,Elham-Alirezaei,الهام علیرضایی، متولد سال 1352و فارغ‌التحصیل کارشناسی نقاشی است. از سال 1374 فعالیت حرفه‌ای خود را در زمینه‌ی نقاشی آغاز کرده و تدریس طراحی، شرکت در نمایشگاه‌های متعدد گروهی و انفرادی طراحی و نقاشی و نوشتن مقالاتی حول محور هنر و زنان را در کارنامه‌‌اش دارد؛ از جمله‌ی این نمایشگاه‌ها می‌توان به حضورش در چیدمان گروهی موزه‌ی هنرهای معاصر تهران به مناسبت هفته‌ی فرهنگ سوئیس و با موضوع موقعیت زنان هنرمند در سال 1379 اشاره ‌کرد. الهام علیرضایی در یکی از سفرهایش با هنر ساخت زیورآلات آشنا شد و آن را مدیومی برای ساخت هنری که درگیر زندگی مخاطب می‌شود، یافت. طراحی و ساخت جواهرات را به صورت تجربی آموخت و سپس به هند رفت و در این مدت در کنار شناخت سنگ‌های متفاوت منطقه، سبک و بینش خود در طراحی زیورآلات را پیدا کرد. این همه به دنبال تجربه و دیدگاهی که طی سال‌ها فعالیتش در زمینه‌ی هنر شکل گرفته بود، هویت آثارش را می‌سازند. آثاری که در نمایشگاه‌های متعددی در خارج و داخل ایران به نمایش درآمده و مورد استقبال قرار گرفته‌اند. زیورآلات الهام علیرضایی با دست و از نقره ساخته و با الهام از مفاهیم عرفانی، عناصر هنر ایرانی و بعضا مسکوکات تاریخی طراحی می‌شوند. آثاری ظریف با فرم‌هایی امروزی که با اشعار، هنرهای خطاطی و کالیتوگرافی، موتیف‌های سنتی و سنگ‌های گوناگون همراه می‌شوند.
الهه علی محمدی,ZE,الهه علی‌ محمدی طراح و هنرمند خلاق متولد سال ۱۳۶۹، تحصیلات خود را در مقطع کارشناسی نمایش کامل کرده. الهه از همان سال های هنرستان به تصویرسازی علاقه مند شد و بعد از آزمون تمام تکنیک های نقاشی اشتیاق او به سوی هنر دوختن جهت گرفت، دستی که روی پارچه ها می رقصد و نقش می زند، تصاویری قابل دسترس تر که از قاب دکوراتیو خارج شده اند. الهه به دوخت تصویر سازی هایش بر روی شال و روسری پرداخت و “ز” متولد شد. “ز” سبکی و ایستایی را مهمترین معیار برای انتخاب متریال آثارش قرار داده که استفاده از شال و روسری را برای همه ی مکان ها و زمان ها، حتی هنگام کار راحت کند. طبیعت منبع الهام همیشگی الهه بوده و هست و برای انتخاب رنگ هایش به سادگی زندگی زنان روستایی نظر می کند که به زیبایی هرچه تمام تر بکر ترین رنگ ها را کنار یکدیگر می چینند.
الهام کردا,kadi,لغت کَدْدی، لهجه و گویش تهرانی‌ست به معنی وقتی که قرار است کسی را از « دور آمده» خطاب کنی، جایی خارج از شهر. لوگوی آن قلب و تیری است که از میان آن می‌گذرد و نماد کسی است که مجنون است. کَدْدی از اوایل شهریور ۱۴۰۰ باطراحی که سعی در تلفیق کردن دنیای مدرن و امروزی مد که البته بر پایه ی کاربردی بودن و ساده بودن در عین کیفیت است و دنیایی از گذشته با فرهنگ استفاده از هنر دست میباشد، کار خود را آغاز کرد. هدفش تولید پوششی است برای تن که راحت باشد و قابلیت استفاده در هر مناسبت و موقعیتی را داشته باشد. کَدْدی سعی در آشنایی زدایی دارد سعی بر کیفیت و زیبایی دارد. کَدْدی یک محصول نیست، یک سلیقه است
الهام خضری پور,ELIUOT,"الهام خضری پور متولد دوم آذر ماه سال 1369. فارغ التحصیل رشته ی تیاتر (گرایشِ طراحی صحنه و لباس) از دانشکده ی هنرهای زیبا (دانشگاه تهران) بوده و در حال حاضر دانشجوی سال دومِ ارشد در رشته ی فشن در آکادمی هنرهای زیبای رم می‌باشد و از سال 1390 تا کنون به عنوان طراحِ لباس در تیاتر و سینما فعالیت داشته و از سال 1393 برند لباس خود را با نام "" الیوت"" تاسیس کرده است."
شکیبا بهروزی,bazmaviz,
ترانه شهبازی,Taraneh-Shahbazi,ترانه شهبازی هنرمند و طراح متولد تهران، فارغ التحصیل رشته ی نقاشی از هنرستان هنر های زیبای تهران و کارشناسی مجسمه سازی از دانشکده هنرهای زیبای تهران است. از مولفه های غیر قابل چشم پوشی آثار ترانه، تلاش بی‌وقفه ی او برای دستیابی به طرح‌های نو و خلاقانه، ساده‌گرایی و اجرای دقیق و سختگیرانه ی محصولاتش است که اساس آن را می توان‌ در فراتر رفتن از تولید محصولی صرفاً مصرفی و بی‌شناسنامه که دغدغه ی اصلی او در طراحی و ساخت از ابتدای‌ فعالیتش بوده است، جست‌ و جو کرد. در دست‌سازه‌های ترانه، چرم به عنوان ماده ای‌ اصیل و باکیفیت مورد استفاده قرار می‌گیرد و دوخت دست به عنوان تکنیک اصلی، در قالب مشخصه‌ای در راستای هویت‌بخشی به محصول عمل می‌کند. آثار با‌کیفیتی که در آن‌ها برخورداری مخاطبان از بالاترین حد استانداردهای کیفی و خرید محصول ایرانی باهویت و اصیل، از مهم‌ترین اهدافی بوده‌اند که در خلقشان مؤثر واقع شده اند.
بیتا نوع پرور,Asoo_design,"بیتا نوع‌پرور طراح و موسس ""آسو دیزاین"" متولد سال 1373 در تهران و فارغ‌التحصیل کارشناسی ارشد مهندسی برق از دانشگاه خواجه نصیرالدین طوسی است؛ با این حال همواره میل و کششی به سمت هنر و خلق کردن داشته که در رشته‌ی تحصیلی‌اش دست یافتنی نبود. از این‌رو، پس از فارغ‌التحصیلی تصمیم گرفت که مسیر زندگی حرفه‌ای خود را همان مسیر علایق و دغدغه‌هایش قرار دهد؛ چرا که به اعتقاد او حرفه‌ی هر فرد می‌بایست برآمده از دغدغه‌های او باشد. به همین دیل او فعالیت هنری خود را با نام ""آسو"" از آذرماه سال 1399 با هدف خلق هنری متناسب با حال عمومی جامعه آغاز کرد.همان‌طور که از نام آن پیداست هدف آسو، به معنای طلوع خورشید، تزریق امید و شادی به جامعه‌ای است که این مفاهیم در آن در حال کم‌رنگ شدن است. از این رو تلاش آسو بر آن است تا انتخاب متریال، رنگ‌ها و تمامی عناصر، هم‌سو با این هدف باشد. طراحی‌ها در آسو غالباً مینیمال و عاری از هر گونه پیچیدگی‌های زائد است که برآمده از احساس درونی طراح به سمت نیاز به حذف پیچیدگی‌ها و تلاش برای حفظ تمرکز در جهانی پر از آشوب است. در عین حال، اضافه شدن جزئیات کم اما پر زرق و برق در برخی طرح‌ها، بیانگر لزوم توجه به جزئیاتی هر چند کوچک است که می‌تواند در زندگی هر فرد معنای بزرگی ایجاد کند."
بردیا مرادی,rosebari,"""رُز بَری"" در سال 1394 در تهران توسط رزمهر امیری و بردیا مرادی با ایده‌ی آوردن رنگ و لعاب بیشتر به پوشش جامعه‌ی تهران، ایران و در نهایت جهان تاسیس شد. رز بری نگاهی نو به ترکیب رنگ‌ها دارد و محور اصلی طراحی‌هایش پارچه‌سازی است. تمام پارچه‌های رز بری توسط تیم این برند طراحی و توسط خود رز بری با استفاده از تکنیک چاپ تولید می‌شوند. رز بری در مجموعه‌ی ""تهرانین"" کوشیده تا با نگاهی به عناصر زبان فارسی و فرهنگ لغت، اصطلاحاتی زبانی را به نقاشی و پس از آن به طرح پارچه و سپس به لباس‌هایی راحت و محبوب مانند پیراهن هاوایی تبدیل کند."
ثریا حسینی,SOORII,
پریا امیری,Pariya,
ترانه حفیظی,the_T,
تکتم همتی,toktam_hemmati,
ترنگ دانشمند,torang_daneshmand,
پرهام دربانی و سارا مردانی,xicon,
ستاره دژم خوی و سپیده ساده,SETIPI,
پریسا بهبودیان,Pari,پریسا بهبودیان متولد تهران سال 1985 و دانش آموخته طراحی صنعتی است که پس از هشت سال فعالیت پیوسته و حرفه ای در زمینه طراحی و مدلسازی زیورآلات طلا و جواهر جهت تحقق بخشیدن به علاقه دیرینش قدم در مسیری نو گذاشته و امید است که پری ارائه دهنده لباس هایی برازنده و زیبا باشد
رضا ندیمی,Reza-Nadimi,"رضا ندیمی بیانگر و نشان دهنده ی ""مد "" به عنوان نقطه ی عطف و پیوندی میان سایر زمینه های طراحی و هنر مانند رقص، اجرا و ... است. برش های مترقی و زیبایی شناسی نو در عین حال کلاسیک او چشم اندازی بی نقص و منحصر به فرد به لباس هایش میدهد. او، متولد سال 1980، همواره شیفته ی مد و طراحی بوده است و در سال 2007 لیسانس خود را در زمینه ی طراحی صنعتی کسب کرد و به عنوان طراح نمایشگاه و طراح داخلی شروع به کار میکند. در همان سال برای پیگیری علاقه ی درونی خود ره سپار پاریس شده و در استودیوی معتبر Bercot راه میابد. آگاهی و هنر او در همراهی با فرهنگ غنی تبارش زمینه ای بینظیر برای کار وی فراهم میکند. چنانچه که به آسانی موفق به بهره وری از این گنجینه غنی و الهام درونی در تمامی رشته های مختلفی که برای طراحی انتخاب میکند، میشود. رضا ندیمی به خوبی میراث سرزمین اش را با جنبش های مد معاصر می آمیزد تا نقطه ای میان زیبایی شناسی گذشتگانش با هنر و برش های معاصر و ماندگار در گذر زمان برای ایستادن بیابد."
روژان هوشیار,La-Femme-Roje,"""La Femme Roje"" توسط هنر، طراحی و ایده های یک طراح جوان و بلند همت ایرانی مستقر در ونکوور، روژان هوشیار، عمدتا با طراحی کفش های دست بنیاد شد. به عنوان یک برند گیاهی دست ساز، La Femme Roje احترام به محیط زیست و زندگی حیوانات را از اساسی ترین ارکان فعالیت های خود قرار داده است. استفاده از مواد جایگزین برای خز، پوست یا پر، همچنین تهیه ی ویسکوز به گونه ای که از دنیای طبیعی و نژادهای پراکنده در آن به خوبی محافظت شود و آن را متوجه کوچکترین آسیبی نکند، از جمله گام های قابل توجه این برند در راستای عمل به عقیده ی راسخ آن ها در همین زمینه دانست. La Femme Roje معتقد است با همه باید با احترام و عادلانه رفتار شود و آینده ی مد به مردم بستگی دارد؛ همین کسانی که پرسنل دوست داشتنی و مشتریان فوق العاده شان را میسازند. هر مجموعه تجلی گر مفهوم متفاوتی برگرفته از سبک شخصی و عشق روژان به میراث و فرهنگ ممالک مختلف به ویژه کشورش است. برای حصول اطمینان در کیفیت محصولات او از بهترین تامین کنندگان در میلان ، ونکوور و استانبول کمک میگیرد. پس از گذشت چند سال تجارت، این برند محصولات خود را در سه استان مختلف در ایران همچنین برخی از کشورها و شهر های دیگر مانند تورنتو، ونکوور، برلین، دبی و کویت با هدف گسترش La Femme Roje در سراسر جهان، توزیع میکند."
رامک زرین قبا,ramak_zarirnghaba,
درسا نعیمی,Dal_noon,
زرین نصر,Zarrin,زرين نصر متولد ١٤ مرداد ٧٧ شهر اصفهان است. ديپلم گرافيك و ليسانس رشته طراحي لباس از دانشگاه آزاد گرفته و از سال ٩٦ مشغول به كار شده است. اولين رویداد خود را در نمايشگاه بين المللي اصفهان آغاز و سپس در تهران ادامه داده است. زرین نصر صاحب ٢ برند است كه يكي از برند هاكژوال و عامه پسند و دیگری یک برند شخصي است كه به سفارش افراد مطرح طراحي ميشه و شخصي دوزي مي شود.
سونا هاکوبیان,Soncess,"سانسس با روحیه‌‌ای آزاد و میل به برجسته شدن توسط سونا هاکوبیان تاسیس شد. ""آزادی"" طراح را در طول کل فرآیند خلاقانه‌ ی طراحی و ساخت آثار راهنمایی می کند و به او اجازه می دهد موادی را که در نگاه اول با یکدیگر متضاد و ناهماهنگ می‌نمایند را در کنار هم قرار دهد. سونا مواد ساده با کیفیت با جزئیات چشمگیر و رنگارنگ ترکیب کرده و پایه های هویت اصلی برند خود را می سازد. لباس‌هایی زیبا و راحت که با قرار گرفتن در کنار یکدیگر استایلی مناسب برای میهمانی‌ها می‌سازند."
نازنین و شیرین صدری,rah_design,
ساره آژیدهاک,Paiget,پایژه تلاشی است برای ارائه ای متفاوت در زمینه ی جواهر سازی؛ سارا آزیدهاک، طراح و خالق این برند، خطی میان مجسمه سازی، نقاشی و طراحی زیورآلات یافته است و مهارت های خود را با مفاهیم و سفرهای ذهنی گوناگون می آمیزد. در نتیجه هر مجموعه از کار های آزیدهاک داستان و مفهومی متفاوت دارند که در اتباط مستقیم با فرم ها و بافت کارند. مثلاً در مجموعه ی سرنوشت، سطوح صاف و صیقلی در تقابل با سنگ های زینتی چالش میان ماده و معنا را نماد میکنند. حجم های پیچیده و ارگانیکی که نشان از نقوش اسلیمی هم دارند در کنار فرم های فیگوراتیو، کشمکش بین دنیای درون و بیرون، آنچه که سرنوشت و زندگی رغم خورده ی فرد است با آنچه که فرد میخواهد را روایت میکنند. در بعضی قطعات پیکره بر نقش ها غالب شده و برخی دیگر فرم ها ی پیچنده بر فیگور مسلط شده اند، حتی شاید در برخی، فیگورها میل به پناه گرفتن در پس همین فرم ها را دارند و آرامش واقعی خود را اینگونه می یابند.
سونا بشیری مقدم,Artesona,خالق سونا بشیر با اینکه معمار است اما می‌داند توانمندی فقط در ساختن نیست، گاهی تخریب است که شهامت می‌خواهد. خراب کردن نه لزومن به معنای تخریب و ویران کردن بلکه گاهی به معنای به چالش کشیدن و ایجاد سوال. از این منظر پرسشگری هم می‌تواند شب‌هنگام، زیر نور آباژور و لم داده روی کاناپه و با خواندن کتابی رخ دهد و هم در طول روز و با ایجاد سوال کردن برای ذهن‌های عادت کرده به تکرار روتین‌ها. این سوال‌ها برای او -که زنی است در ابتدای قرن بیست و یکم و در میانه خاورمیانه- شاید ملغمه‌ای باشد از درونی‌ترین پرسش‌ها تا بیرونی‌ترین و جهانی‌ترین خواسته‌ها. اما اینکه این احوالات کجا دیده شوند آن‌جایی است که برای هرکسی متفاوت است؛ برای شاعر دفترچه‌اش، برای نجار کارگاهش و برای طراح لباس، پوششی است که می‌تواند همراه آدمی باشد و بازتابی از احوالاتش در هر دوره‌ای از زندگی. البته که در میان پوشیدنی‌ها، کیف از آن دسته همراهانی است که در هر موقعیتی می‌تواند وجود داشته باشد و در حقیقت تکمیل‌کننده نمایش بیرونی فرد است. همچنان که فرم، جنس و رنگ آن بازگوکننده دیدگاه طراح است در عین حال انعکاسی است از تفکر صاحبش در آن مقطع زمانی. اگرچه کیف چرمی شاید همان نگاه کلاسیک را به ذهن متبادر کند اما در این طراحی‌ها سعی شده تا از آن نگاه قدیمی همیشگی فاصله گرفته شود تا بتواند در دنیای امروز و با پیروی از مد آهسته هم حرفی برای گفتن داشته باشد.
سحر جابریان,Sahar-Jaberian,سحر جابریان طراح لباسی ایرانی است که با نام خود آفریده هایش را ارائه میدهد. جابریان پس از گذران 3 سال در لندن برای تکمیل تحصیلش به پاریس رفت و لیسانس خود در زمینه های مد و تجارت از Instituto Marangoni دریافت کرد و بدون وقفه به زادگاه خود ایران بازگشت تا مرزهای صحنه ی مد تهران را به چالش بکشد. بازگشت سحر به ایران با کاوشش در روش ها و مهارت های گوناگون برای به نمایش درآوردن زیبایی شناختی او از زندگی در تهران دنبال شد. طرح های جابریان پویا، قصه گو و جست و جوگرند و تأثیر میراث ایران در آنها مشهود است؛ خواه ردپایی از پوشش سنتی ایرانی، خواه سرنخ هایی از داستانی قدیمی و بومی که به زیبایی برای همخوانی با نیاز های امروز با طرح ها و برش های معاصر و کاربردی تلفیق میشوند تا سبک زیبایی شناسی و داستان خود طراح را به نمایش بگذارند. جابریان مهارت های استادکارانه و تکنولوژی را کنار هم می آورد تا دو چهره ی مدرنیزاسیون در فرهنگ شرق و غرب را به تصویر بکشد.
سرینه بندری,jpta,"سرینا بندری طراح و بنیان گذار ""جی پی تی ای"" متولد سال 1988 در تهران است که همواره به خلق کردن و طراحی علاقه داشته و به دنبال علاقه اش تحصیلات خود را در رشته ی نقاشی در دانشگاه هنر اصفهان تکمیل کرد. وی با الهام از فرهنگ عامیانه ایرانی و ارمنی در قالب های نقاشی، سنگ نگاری و تصاویر دیجیتال کار می کند و عناصر عادی زندگی روزمره در منظره ای فوق العاده قرار می دهد تا دنیایی خیالی ایجاد کند. نقاشی های پوشیدنی که در آن ها اشیا و طبیعت بی جان زنده می شوند ،خواه شیاطین شریر از کابوس های کودکی ما باشند یا فقط یک منظره رویایی، مقدسانی که در ارزش گذاری آن ها ناتوانیم و یا مردمی عادی و کشمکش های پایان ناپذیر زندگی شان. Jpta-scarf ،که حیات خود را از آوریل 2020 آغاز کرد، بهانه ای است برای آوردن نقاشی به زندگی هر روز؛ برای ارائه ی هنر هایی پوشیدنی."
سحر مکتبی,Sahar-Mactabi,"سحر مکتبی هنرمندی بینارشته ای و دیزاینری توانمند است که موفق به اتمام تحصیلات خود در مقاطع کارشناسی از دانشگاه هنر و کارشناسی ارشد از دانشگاه تهران در رشته ی طراحی صنعتی، با رساله ی پژوهشی تحت عنوان: ""تاثیر استهلاک و کهنگی کالا بر رفتار مصرف و طراحی پروسه ی کهنگی در کالا با رویکرد طراحی تجربه "" شد. همین امر واسطه ای بر متمرکز شدن او بر هنر و دیزاین شد. او بدنبال دید انتقادی ای که نسبت به شیوه های تولید اثر در صنعت و هنرداشت، و با استفاده از متدهای تالیف در هنرمعاصر، به عنوان هنرمند، و طراح مستقل در سمت های ""مدیر خلاقیت و استراتژی""، ""ایده پرداز""، "" طراح برند"" و "" طراح تجربه""، در راه اندازی و پشتیبانی مجموعه های مختلفی ایفای نقش کرده است. مجموعه هایی که فعالیتشان در زمینه های: پژوهش، مدیا، طراحی خدمات، پشتیبانی و تولید آثار هنری مستقل ، طراحی و تولید لباس، مدیریت و برگزاری ایونت میباشند. گرایش به طراحی فرم حرکت به واسطه فعالیت در رقص معاصر از یک سو وعلاقه ی او به رفتار مصرفی و نیز کالای مصرفی در جامعه ی امروز از سوی دیگر، موجب توجه مضاعف و به طراحی لباس، به عنوان کالایی فرم پذیر، و مصرفی که در ارتباط مستقیم با بدن و در نهایت پا گذاشتن در مسیری پر پیچ و خم و تاسیس استودیو مکتبی در سال 1398شد.او در استودیوی مکتبی با محوریت طراحی و تولید لباس، همزمان هنرهای مختلف همچون، اجراگری و نمایش، ویدیو و چیدمان و.. را به عنوان امکانی مستقل و انتخابی شخصی برگزید. تولیدات استودیو مکتبی مواجهه ایست آزاد با محدودیت هایی که ناخواسته توسط نظام سرمایه داری بر هنر و شیوه های برخورد با آن سایه انداخته اند. در همین راستا علاوه بر کسب آموزش، تمرین و مطالعه، به ارائه و اجرای آثاری میپردازد که هر یک بخشی از چالش های اصلی او در درک بهتر چارچوب های متداول و از پیش تعیین شده در هنر، چگونگی انتخاب، و استفاده و رد آنها توسط هنرمندان است. هدف اصلی و فعلی او در انتقال و به اشتراک گذاشتن مسیر شخصی خود، از طریق طراحی، تولید و عرضه ی لباسهایی است که فارغ از تعریف هنریشان، ساده، و مصرف پذیرباشند. شاخصه های اصلی در طراحی های او، توجه به نقص و تناقض، توجه به کیفیت و خلاقیت، بسط و توسعه ایده و کانسپت به سایر مدیوم ها، تک دوزی و طراحی لباس منحصر به فرد، و همچنین استفاده از لباس به عنوان یک مدیوم هنری میباشد."
سارا نورعلی زاده,SAMSARA,"سارا نورعلی زاده جوان، بنیان گذار ""سمسارا"" متولد سال 1367 تهران، تحصیلات مقدماتی خود را در رشته طراحی گرافیک هنرستان سوره گذراند و سپس از دانشگاه هنر تهران در رشته ارتباط تصویری فارغ التحصیل شد. او پس از کار در شرکت های تبلیغاتی و انجام پروژه های گرافیکی، در سال 1394 علاقه اصلی خود، عکاسی را دنبال کرد. طی این مسیر با برندهای مطرح پوشاک ایرانی همکاری کرد و بعد در سال 1396 برند زیورآلات نقره دستساز خود را با نام ""سمسارا"" بنیان نهاد. این واژه ریشه در زبان سانسکریت دارد و به معنای چرخه طبیعی و تمام ناشدنی کائنات میان تولد و مرگ است. همانگونه که از نام این برند برمی‌آید، سمسارا از جهان پیرامون خود نشأت می‌گیرد؛ مجسمه های پوشیدنی این برند با الهام از نظم و وحدت موجود در طبیعت خلق می‌شوند و مانند عکس، مروری تک فریم بر مناظر و اجزای طبیعت هستند. در چرخه آفرینش سمسارا تکرار جایی ندارد و هر اثر حتی در صورت ساخت دوباره با نسخه های قبل و بعد از خود متفاوت است. سمسارا در ابتدا با مفهوم و ایده‌ی وحدت انسان و طبیعت آغاز به کار کرد و در مسیر رشد خود به سمت ستاره شناسی و مفاهیم ستاره بینی کشیده شد. این برند تحت تأثیر مطالعات و تحقیقات مؤسسش که در حال حاضر به تحصیل و مطالعه در رشته نجوم و فلسفه ودایی، عرفان و علوم باستانی مشغول است، شکل گرفته و همواره در حرکت خواهد بود. هدف سمسارا آموزش و ترغیب انسان به شناخت خود، توجه به ذهن، محیط اطراف و کمک به طبیعت است و در این مسیر محدود به زیورآلات و آثار نقره نمی‌ماند"
سارا بقا,sarah_baqa,"سارا بقا حدود ۵ سالی است که در رشته ی طراحی لباس فعالیت می‌کند و طراحی لباس مد و صحنه، پارچه سازی دستی و حال طراحی اکسسوری های دست ساز را در رزومه‌ی خود دارد. آخرین پروژه‌ی سارا بقا طراحی مجموعه‌ای از گردنبند و دستبندهایی است که با دست از کتب قدیمی ساخته شده‌اند. این مجموعه از آن جایی شروع شد که طراح کتب قدیمی زیادی را در انبار کتاب فروشی ها دید، کتاب هایی که قرار بود به خمیر کاغذ تبدیل شوند و تمام هویت و واژگان خود را از دست بدهند. این موضوع او را به فکر یافتن روشی دیگر برای بازیافت این کتاب ها انداخت؛ روشی که در آن هویت و واژگان این کتب از دست نروند و در عین حال به عنوان هنری دیگر به چرخه‌ی زندگی خود ادامه دهند. روشی که در آن هر کتاب همچنان داستان خود را روایت کند، اما به شکلی متفاوت و نو. ""خلق و استحاله‌ی یک اثر فراموش شده."" نتیجه‌ی این ایده مجموعه‌ هنرهایی پوشیدنی است که می‌بینید. کتاب هایی که با حفظ هویت پیشین خود ماهیتی نو یافته‌اند."
سارا رزمی,Sara_Razmi,"سارا رزمی دوره‌های مجسمه‌سازی و جواهرسازی را نزد پرویز تناولی گذرانده و حضور در نمایشگاه‌های فردی و گروهی متعددی از جمله ""Tehran ArtWalk"" را در کارنامه‌ی خود دارد. در نگاه او معماری، مجسمه و جواهرسازی همه هنرهایی مرتبط هستند؛ بناها و آثار معماری مجسمه‌هایی بزرگ و کاربردی و جواهرات مجسمه‌هایی پوشیدنی. این نگاه در نهایت به طراحی و ساخت مجموعه‌ی ""شمس‌العماره"" منجر شد؛ مجموعه‌ای که با الهام از این بنا طراحی شده وآثارش در واقع تکه‌هایی از معماری شمس‌العماره هستند که می‌توان پوشید و با خود هرجا به همراه داشت. مجموعه‌ی دیگر سارا با نام ""شانه"" حول محور هویت و شخصیت اشیاء و مکان ها شکل گرفته. در این مجموعه هر شئ الهام‌بخش، به یک شئ جدید تبدیل می‌شود. یکی از چیزهایی که در این مجموعه دوباره متولد می‌شوند شانه است. شانه‌ای که ارتباط تنگاتنگش با زلف، تصویری عاشقانه از آن ساخته می‌سازد؛ تصویری که تنها هنر می‌تواند از آن شئی نو بسازد که در کنار عشق و سرِّ درون، زیبایی‌اش چشم‌های هم‌رازش را نوازش دهد و شخصیتی باورپذیر و دوست‌داشتنی به آن (شانه) دهد."
ساناز مسلمی اصل,Bibijana,
مهسا کشاورز و سحر خلیلی,ZEE,
نیلوفر عقابیان,niil_saaz,
نغمه کیومرثی,naghmeh_kiomarsi,"نغمه یکی از طراحان پیشرو در صنعت پوشاک زنانه‌ی ایران است. او از کودکی شیفته‌ی نقاشی و طراحی بود و زمان زیادی طول نکشید تا تصمیم بگیرد که می‌خواهد در چه حرفه‌ای فعالیت کند. او طراحی لباس را از کودکی تا به امروز دنبال کرده؛ طراحی را از پنج سالگی شروع کرد، گلدوزی را در دوازده سالگی آموخت و خیلی سریع شروع به یادگیری مفاهیم مد و طراحی لباس کرد. سرانجام در سال ۲۰۰۳ اولین خط شال و مانتوی خود را راه اندازی کرد. او یک طراح نسل سوم و ملهم از میراث چند هزار ساله‌ی کشورش، ایران، است که در پارچه‌ها، نقش‌ها، نقوش، خوش‌نویسی و اشعار طراحی‌هایش منعکس می‌شود. نغمه‌کیومرثی در مسیر تبدیل به یک نام بین‌المللی است؛ مجموعه‌ی طراحی‌هایش توسط افراد زیادی تحسین شده و در کشورهای گوناگون به نمایش درآمده‌اند؛ در سال ۲۰۰۹ در کارلسروهه آلمان یک نمایش مد داشت و آثارش در هاروی نیکولز، گالری لافایت و دیگر بوتیک‌ها در امارات متحده عربی در دسترس است و مجموعه‌ی ""قوی سیاه"" اش که با الهام از امارات متحده‌ی عربی طراحی شده بود در گالری USH به نمایش درآمد. نغمه‌کیومرثی به عنوان یک طراح پست مدرن، عناصر سنت را با چیدمان‌ و بافت‌های مدرن ترکیب می‌کند تا تعریف تازه‌ای از استایل زنان ایرانی-خاورمیانه‌ای به دست آورد. اشتیاق به شعر ایرانی را می‌توان به وضوح در آثار او در قالب خوشنویسی یا تصویرسازی اشعار مشاهده کرد. او در ترکیب رنگ‌ها برای بیان فرم و مفهوم منحصر به فردش در آثار الهام‌بخش خود استاد است و آتلیه‌اش مکه‌ی اوست."
fadi zumot,fadizumot,
نیکی زند,N_to_Z,
نازگل بدیعی,noon_va_noon,من نازگل بدیعی هستم از کودکی عاشق هنر ، نقاشی و رنگ بودم .تا به حال چندین نمایشگاه نقاشی برگزار کردم و همچنان در زمینه های هنری و نقاشی فعالیت دارم . به دلیل علاقه فراوانی که به اکسسوری های خاص داشتم تصمیم گرفتم محصولاتی را طراحی و تولید کنم. مجموعه زیورآلات دستساز «ن و ن» با تکیه بر انتخاب بهترین مواد اولیه داخلی و خارجی همواره سعی بر پیاده سازی ایده های خود دارد . محصولات ما تلفیقی ست از سبک های متفاوت که رنگ را به زندگی شما می افزاید. ظرافت و تمیزی برای ما حائز اهمیت است . همچنین دستسازه های ما با استفاده از پارچه های مرغوب و خاص ، چوب و خمیر کاغذ ساخته می‌شود که بسیار سبک هستند . تولید کارهای ما به صورت محدود می باشد و این یکی از مهم‌ترین هدف این مجموعه است. مجموعه «ن و ن» همواره در تلاش است محصولی در خور شان و سلیقه شما عرضه کند. در آخر امیدواریم خرید را برای شما به یک لذت تبدیل کنیم و خاطره ای خوش از ما در ذهنتان به یادگار بماند .
مینا تفضلی,Mimte,"‎""ميم ت باي مينا تفضلي""، مجموعهاي از زيورآلات دستساز معاصر با الهام از جادوي انعكاس و نور است. هر زيور، قطعهاي از هنر پوشيدني است که درخشش يک زن را از درون به بيرون مجسم ميکند و با احترام به ‎زنان و سياره ما ساخته شده است. ‎زيورآلات میم ت از پلكسيگلس بازيابي شده ساخته شده‌اند، در حالي که گردنبندها و گوشوارهها، سبک و راحت و پوشيدن آنها آسان است."
سارا عشاقی,Merno,سارا عشاقی از سال ۱۳۹۲ طراحی لباس رو آغاز و در سال ۱۳۹۹ برند مرنو راه اندازی کرد. مرنو یک برند محیط زیست محور است و سعی بر طراحی و تولید محصولاتی با طول عمر بسیار بالا دارد. جزئیات برای مرنو بسیار اهمیت داشته و در تلاش است تا آثار دست دوز و دست باف تولید کند.
مهزاد مرسلی,Saint,مهزاد مرسلی متولد آبان ۱۳۷۶، طراح جواهرات جوان ایرانی ساکن تهران. مهزاد همه‌ی آثارش را عمدتا از نقره و تماما با دست میسازد. ولع او به خلق کردن و آفرینش او را به سوی طراحی و ساخت جواهرات سوق داد. آثار مهزاد برخاسته از دردی است که برای درک بیشتر کالبد یافته و ملموس میشود. این آثار از شکاف های قلب شکسته‌ی زنی قدرتمند برخاسته‌ و تحت نام “saint” می‌زیند. رشته‌ی تحصیلی، روحیه‌ی ماجراجویانه و علاقه‌ی مهزاد به کسب تجربه در زمینه‌های مختلف هنری منجر به کار کردن او با مواد و متریال‌های گوناگون و همچنین تجربه‌ی رشته‌های گوناگون هنری شد؛ با این حال، او کشف کرده است که نقره و فلز برای خلاقیت هایش بهترین کارایی را دارند، بنابراین از آن زمان به طور جدی تر روی آن تمرکز کرده است. مهزاد در تلاش است‌ تا آثاری منحصر به فرد در زمره‌ی جواهرات معاصر و جواهرات کاستوم خلق کند، از این رو او‌ موفق به شرکت در نمایشگاه‌های بین‌المللی گوناگون در آمریکا، کانادا، ایتالیا و رومانی شده است.
نگین محتشمی,negin_mohtashami,
شادی پرند,Shadi-Parand,فعالیت های شادی پرند در زمینه ی مد همواره تلاشی برای مقابله با سرکوب خلاقیتی بوده و هست که در بازار های غربی در زمان اشتغال در آمریکا و فضای مد ایران که همواره تقلیدی کورکورانه از غرب بوده، حس کرده است. به گفته ی خودش با بازگشت به ایران شروع به قانون شکنی در طراحی کرده و پس از مدتی فعالیت در تهران، به سمت استفاده از پارچه های ایرانی مانند ترمه، قلم کار، لنگ و دیگر سوق پیدا کرد. به واسطه ی مشکلاتی که این پارچه ها در دوخت ایجاد میکردند دست به ابتکار عمل در روش های دوخت زد. آثار شادی پرند همواره برخاسته از دل بوده و پس از برگذاری نمایش در خارج از کشور، طراحی های نو آورانه اش پذیرش بیشتری در ایران پیدا کردند. تمرکز شادی پرند در طراحی و ساخت آثارش معطوف به منعکس کردن شخصیت و انرژی مخاطب بوده و تلاش میکند بهترین کیفیت ممکن را از نظر طراحی و اجرا در کار هایش ارائه کند؛ به گونه ای که لباس به تنهایی بهترین باشد و به بهترین نحو نیز بر اندام و شخصیت مخاطب بنشیند.
نگار عباسی و شادی شریف پور,Jutti9,جوتی ناین جوانی پرشور و هیجان است که در ایران چشم به جهان گشود. در زندگی خود به دنبال زیبایی، سادگی و نشاط است و در سال 2019 این برند را بنیان گذاشت تا با کارهایش این حس ها را به دیگران هدیه دهد. در کارهایش علاقه ی طراح به زادگاهش مشهود است و در طراحی هر اثر ارائه ای معاصر از هنرهای دستی ایران جلب توجه می‌کند. جوتی ناین در کنار علاقه به صنعت های کهن ایران در آثارش از جغرافیا و فرهنگ نیز وام می‌گیرد؛ نام هر اثر نقطه ای از این مرز و بوم است و در طراحی بیشتر کارها می‌کوشد تا با استفاده از المان های سنتی منطقه، لباسی برای قدرتمند نشان دادن زنان بسازد. جوتی ناین در کنار حفظ صنایع دستی و پوشش های سنتی ایران، ایده ی برابری مردان و زنان را در کارهایش می‌گنجاند.
شکوفه رحمتی,KOUKSHOL,"""کوک شل"" یک برند مد آهسته و پایدار است که فعالیت خود را از سال ۱۳۹۵ آغاز کرده و منابع الهام طراحی و ساخت آثارش را محدود نمی‌کند. تأثیر طبیعت و عناصر موجود در آن، فرهنگ اقوام ایرانی، زیبایی شناسی و فرهنگ دهه‌های‌ هشتاد و نود میلادی در آثار این برند هویدا است و همه با هم سبک نئوفولک و فارغ از زمان ""کوک شل"" را شکل می‌دهند. طراح و بنیان گذار این برند، شکوفه رحمتی، متولد سال ۱۳۶۵ و شهر تهران است. او سال های ابتدایی خود را در فرانسه گذراند و سپس مدرک کارشناسی خود را از دانشگاه الزهرا در رشته طراحی چاپ پارچه و مدرک کارشناسی ارشدش را از دانشگاه آزاد یزد دریافت کرد. رحمتی در طی سال های کارشناسی حرفه‌ی خیاطی را به صورت آزاد فراگرفت و در مزون و بوتیک ژیلا مهرجویی مشغول به کار شد تا از تجربه بیاموزد. رفته رفته از سال ۱۳۹۵ طراحی و ساخت سفارشی لباس‌های رسمی و غیررسمی از پارچه‌های خاص را آغاز کرد و ""کوک شل"" از این نقطه متولد شد. رحمتی در ""کوک‌شُل"" لباس‌هایی فارغ از زمان در تعداد محدود می‌سازد تا با رونق مُد آهسته و پایدار، کیفیت و اصالت را به این عصر بازگرداند."
لیلا غروی,Layeh,
شهریار دولتشاهی,ADHD,
صبا ستارزاده,Blue-Forest,درختزار آبی، Blue Forest، حاصل تلاش صبا ستارزاده، طراح زیورآلات و مجسمه ساز، برای ادغام هنر و طراحیست. متأثر از رشته ی تحصیلی اش، مجسمه سازی، او با استفاده از متریال های متفاوت و نا متعارف (مانند بتن، چوب، اپوکسی و ...) و بازی با فرم ها و ترکیب بندی های جسورانه دست به خلق آثاری منحصر بفرد و تک نسخه میزند و میکوشد آفریده هایش در عین تک بودن با سلیقه های متفاوت همراهی کنند.
صدف تحویلدار,Sadaf,صدف تحویلدارزاده متولد سال ۱۳۵۵ در لندن و فارغ التحصیل رشته ی طراحی صحنه و لباس تئاتر است و اولین کلکسیون خود را در سال ۲۰۰۵ متمرکز بر طراحی مد و لباس های رسمی و غیر رسمی زنانه با نام تجاری <<صدف>> به نمایش درآورد. پوشش خبری کار های او توسط رسانه هایی پر بیننده چون CNN و LA Times سبب معرفی او به بازار جهانی شده است. از فعالیت های صدف تحویلدارزاده در سال های اخیر میتوان به شرکت در هفته ی مد ونکوور، داراب و تهران اشاره کرد. پس از آن به واسطه ی علاقه ی شخصی اش به موسیقی، رقص و تئاتر به طراحی برای موسیقیدانان، بازیگران تئاتر و دیگر هنرمندان اجرا گر پرداخت و اکنون بیشتر وقت خود را صرف ایده هایی برای طراحی صحنه می کند. آخرین مجموعه ی او با تمرکز بر لباس مردانه با نام <<شازده لاغر ایرانی>> است که در سال ۱۳۹۸ رونمایی شد.
صبا عظیمی,ZIB,"صبا عظیمی، متولد ۱۳۶۴ ،از سال ۲۰۱۰ فعالیت خود را در زمینه طراحی و ساخت زیورآلات دست ساز آغاز نمود و برند زیب را بنیان گذاشت. وجه تمایز زیورآلات زیب، پیچیدگی ساخت، تنوع تکنیک و متریال، دقت و ظرافت در کیفیت، توجه به جزئیات در عین راحتی و سبکی و ماندگاری کارهایش است که در اثر سالها تجربه و آزمون و خطا توسط طراح بدست آمده اند. کلکسیون اخیر زیب با هدف ایجاد همگرایی ترندهای امروزی زیورآلات با صنایع دستی که ریشه در حافظه زیبایی شناسی ایرانی دارند، طراحی و ساخته شده است. در مجموعه ""برای نیل"" با این هدف از سرمه دوزی، ترمه و پارچه های ارزشمند دیگر، مروارید، فلز برنج و نقره استفاده شده است. هریک از گوشواره های زیب کاملا دست سازند و به تعداد محدود ساخته می‌شوند."
فاطیما خواجه زاده,bafo,برند بافو توسط فاطیما خواجه زاده متولد ۱۳۷۵ فارغ التحصیل رشته ی تئاتر عروسکی از دانشگاه هنر تهران پایه گذاری شد. فاطیما تحصیلات خود را از ابتدا و بصورت اکادمیک در زمینه ی کودک در دانشگاه شروع کرد و همزمان در کارگاه های ساخت عروسک، زیر نظرِ دکتر بهروز غریب پور، شروع به ساخت عروسک های نمایشی را کرد. و در ادامه ی مسیر خود در مدرسه ی فشن اینورس، تحصیلات طراحی و دوخت لباس را اموخت و بافو متولد شد. درخشندگی، آزادی. کودک در اولین مواجه های خود با جهان پیرامونش رهاست از اسم و تعریف و فکر. از بندهایی که شهر و خیابان برایش خواهند کشید، از دیوار، از مرز. او می دود، می پرد، در این جهان نو کاوش می کند، لمس می کند ان چه را که نمی شناسد. میل به تجربه ی همه چیز برای او از بی انتهاییِ خیالش است. خیالی که هیچ حدی را برنمی تابد. او باید اراسته به درخشنده ترین رنگ ها باشد، بر تن کند گرمی نورهای خورشید را، و ابی اسمانی که در ان پرواز می کند. مجموعه ی بافو، هم نشینی این رهایی و درخشندگی است. تصویری است از درخشنده گی رنگ ها و سبُکی رویای روشن کودک، در جَست و خیز خود، در طبیعت بی انتها ... و دریچه ی ورودی برای کودک به دنیای تخیل. “به امید روشنایی.” -بافو کیدز
عباس طوافی و الناز قدیم لو,elu,
گل افشان خسروانی,Gol,گل افشان خسروانی متولد سال 1370 در تهران از چهار سال پیش به سبب علاقه ای که از کودکی به پوشش خانمها و آقایان با کلاه و جایگزینی فرم های دیگر حجاب با کلاه داشت، کار طراحی و دوخت کلاه را آغاز میکند و میکوشد تا آثاری کاربردی، زیبا و با کیفیت ارائه دهد.
گلناز دابویی,Golnaz-Daboie,متولد کشوری غنی از فرهنگ، تاریخ و هنر، طبیعت و غذاهای گوناگون؛ محیط پیرامون گلناز دابویی همواره مملو از چشمه های الهام برای کارهایش بوده است. هنرمندی آزاد که با دیدن هنر نسل های پیش از خود و جزئیاتی که می آفریدند علاقه مند به ساخت هنر و جواهرات شد اما هیچ گاه خود را در انتخاب مدیوم محدود نکرد و از این رو هر یک از مخلوقاتش قطعه ای منحصر به فرد میشود که هیچ کدامشان کاملاً شبیه نیستند. دابویی با استفاده از مواد، رنگ و فرم های متفاوت و جسور تلاش میکند آثار اش لذت و ریتمی خاص به پوشش مخاطبانش بیفزایند. با تحصیل در انستیتوی هنر کالیفرنیا در رشته ی طراحی صنعتی، او مهارت و بینش لازم برای اجرای ایده هایش را یافت و همچنان به تجربه ی کار با مواد و ابزار نو و متفاوت ادامه میدهد تا آثارش هرچه خلاقانه تر باشند.
گلناز و گلریز خالقی,Gola-Homewear,"گُلا سعی دارد به ما کمک کند تا ""فلسفه‌ی خانه"" را درک و زندگی کنیم؛ خانه، مکانی امن که به ما فرصت کشف و زندگی خود حقیقی مان را میدهد؛ جایی که در آن عاشق می‌شویم، می‌خندیم، گریه می‌کنیم، می‌رقصیم، می‌خوابیم و خالص‌ترین لحظات‌مان را میگذرانیم؛ پس مهم است، آگاه باشیم در این تنهایی چگونه با خود رفتار می‌کنیم. وقتی هیچ‌کس به ما نگاه نمی‌کند چه لباسی به تن داریم؟ با خود چقدر سخاوتمندیم؟ هدف گُلا این است که به ما یادآوری کند همه‌چیز از خود ما آغاز می‌شود."
علیرضا چارباغی,a8,علیرضا چهارباغی متولد سال ۷۱ و فارغ التحصیل رشته اقتصاد است که از کودکی به لباس پوشیدن و طراحی علاقه داشته. این علاقه و دغدغه شخصی در برخورد با گزینه‌های محدود پوشاک برای مردان جرقه تأسیس برند A8 را زد. با وجود اینکه بیشتر کارهای این برند امروزه فارغ از جنسیت اند، A8 با هدف طراحی و ساخت پوشاک متفاوت برای مردان بنیانگذاری شد. به کارگیری رنگ‌های گوناگون و پارچه‌های منحصر به فرد در برش های کاربردی و ساده در کنار تکه دوزی که در بیشتر مجموعه های این برند دیده می‌شود، نقطه تمایز A8 از دیگر برندهای مردانه است. طراح این برند نیز تمام سلایق را در نظر دارد و این امر در سیر تغییر زیبایی شناسی مجموعه هایش مشهود است.
فاطمه محمدی و کیانا عقابیان,SAV,"""ساو"" یک لیبل شال‌های دست‌ساز است که توسط کیانا عقابیان (متولد سال ۱۳۷۱ و فارغ‌التحصیل رشته‌ی نقاشی) و فاطمه محمدی (متولد سال ۱۳۷۱ و فارغ‌التحصیل رشته‌ی طراحی لباس) تأسیس شده. دو طراح این لیبل با توجه و نگاه به عناصر اطرافشان شال‌ها را طراحی می‌کنند؛ شال‌هایی که با دستان فرنگیس فهیم جان می‌گیرند. منابع الهام ساو با توجه به‌ زیبایی‌های طبیعی و ساده‌ی کوچه و خیابان و محیط دور و بر پیدا می‌شوند. توجهی که دی‌ان‌ای طراحی‌های این لیبل است. استفاده از پارچه‌های کوچک، بزرگ و نامتقارن نیز از دیگر ویژگی‌های شال‌های ساو است که در کنار تک نسخه بودن، آثار این لیبل را متمایز می‌کند."
گلاره مفضلی,Gel.mo,
لیلت سیمونیان,lilet_simonian,"لیلت سیمونیان متولد مرداد 1363 در تهران ، طراح و موسس برند ""وانس"" است که با آثار متفاوتش شناخته می‌شود. او که دانش آموخته‌ی معماری و MBA مدیریت در تحصیلات تکمیلی است، طراحی در حوزه‌ی لباس را از سال 1397 آغاز کرد. شناخت و تسلط به صنعت چرم به واسطه‌ی دهه‌ها تجربه‌ی خانوادگی در کنار احساس نیاز به طراحی‌های متفاوت و باشکوه، انگیزه‌ی اولیه‌ی او برای حضور در عرصه‌ی طراحی و تولید کیف‌های زنانه شد. اولین مجموعه‌ی وانس با نام ""Rough"" در اواخر سال 1397 با استقبال استایلیست‌ها مواجه شد و خانم سارا بهرامی از کیف‌های وانس برای حضور در فرش قرمز سی و هفتمین و سی و نهمین جشنواره فیلم فجر استفاده کرد. از آن پس هنرمندان بسیاری همچون خانم آزاده موسوی نیز از آثار و طراحی‌های وانس استفاده کرده‌اند. لیلت مجموعه‌های ""Exist"" را در سال‌ 98 و ""Unify"" با کیف‌های فارغ از جنسیت را در اواخر سال 99 ارائه داد و اکنون در حال طراحی مجموعه‌ی جدید خود با ریتم و داستانی متفاوت است. باور به داشتن داستانی خاص در انتخاب نوع پوشش برای هر فرد الهام بخش تمامی طراحی‌های Once است و استفاده از نمای متفاوت در بیان روحیات انسانی و تعریفی از زندگی زیسته در تمام محصولات وانس دیده می‌شود."
نسیم بروجنی,nassimboroujeni,
آوا مغیثی و مهسا زاهدی,yer story,
مهرنوش شاه حسینی,Mehrnoosh-Shah-Hosseini,در تمامی کار های مهرنوش شاه حسینی خصوصیاتی دیده میشود که از ابتدای فعالیت اش تاکنون دغدغه ی او بوده و هست. از جمله این ویژگی ها میتوان به پا فشاری بر تجربه ی تکنیک های متفاوت و جسارت او در بیان اشاره کرد به طوری که این رویکرد را به سازندگان کار هایش نیز انتقال میدهد. او با استفاده از مواد اولیه و رنگ های نامتعارف در کنار هم از یک طرف و از طرف دیگر به واسطه‌ی به چالش کشیدن تکنیک کار بومیان و خیاط ها امید به نو آوری دارد. هر چند که مکان و زمان کارهای مهرنوش شاه حسینی تابع مد روز نیستند اما میتوان گفت که او همواره نگاهی به آنچه در دنیا در حال وقوع است نیز دارد. خصوصیت دیگر کار های او که باید به آن اشاره کرد استفاده از الیاف مرغوب و طبیعی خریداری شده از بافنده آنهاست که مانند پلی ارتباط میان هنر معاصر ایرانی و زبان دنیای امروزی را بر قرار میکند. بسیاری از آثار او مانند معماری ایرانی از بیرون ساده و از درون پر از تزئین اند؛ طوریکه میتوان آنها را از هر دو روی پوشید.
مهسا اسدی,Massi,ماسی قلبی است که در دنیایی خیالی زندگی ای جدید و سرشار از شور و بی باکی را پیش می گیرد. در این دنیای پایا جوانه های زیادی از قلب ماسی نشات می گیرند و به سان برگ هایی چشم دار از جهان اطراف مراقبت و در جست وجوی دنیایی آسوده، شور آفرین و تندرست رشد میکنند. این برند برای منعکس کردن چنین تصویری در کنار سادگی در طراحی و رنگهای شاد از بهترین مواد اولیه و کیفیت دوخت در کار هایش استفاده میکند. ماسی برای ایجاد جذابیت بیشتر و ترکیب بندی های جدید از ترکیب بندی های موجود در نقاشی ها، معماری و طبیعت الهام میگیرد. پارچه ها ی سازنده ی کارها از جنس پنبه و سازگار با محیط زیست اند و ماسی از اضافات پارچه نیز بهره میگرد تا کمترین زیان را به طبیعت برساند.
مریم یزدان پناه,SAAKU,مریم یزدان پناه ،طراح برند های ساکوی سیاه و ساکوی سفید ، کارشناس ارشد خون شناسی و انتقال خون از دانشگاه رویال ملبورن استرالیا می باشد. وی بعد از مدت شش سال زندگی دراسترالیا ،ادامه ی تحصیل ،کار در راستای رشته ی تحصیلی اش و همچنین به صورت نیمه وقت درحوزه ی هنرِ مُد و فشن، در یکی از برند های مطرح در ملبورن، موفق به کسب سوابق و تجارب ارزشمندی در هردو زمینه شد و درسال ۲۰۱۵ با دیدگاهی متفاوت نسبت به آینده ی شغلی خود به ایران بازگشت. باتوجه به علاقه ی شخصی اش به دنیای هنر از نوجوانی ، به خصوص حوزه ی طراحی پارچه و لباس ،آموزش آکادمیک در رشته ی طراحی لباس را، در تهران آغاز کرد و با گذراندن دوره ی کلکسیون سازی در وُرک شاپ های آکادمی مُدِ هوت فییوچر میلان، که در زمان تحصیلش در مجتمع فنی تهران برگزار می شد، توانست سوابق تحصیلی اش را با گوشه ای از دنیای هنر در این حوزه گره بزند و ایده های منحصر بفرد خود را از ترکیب این دو فضا، در غالب لباس های مفهومی ، لباس مجسمه و لباس های پوشیدنی به موجودیت برساند. هر فصل از طراحی های ساکو ریشه ای عمیق در دنیای زیبای طبیعت وعلوم دارد که جزئی جدایی ناپذیر از هویت این برند می‌باشد. رشد منظم گیاهان ، قارچها ، موجودات زنده ی روی زمین و اقیانوس ها ، نحوه ی تشکیل سنگها در زیرین ترین لایه های خاک ، کیهان و فضا ،گونه های پرندگان ، هندسه ی تولد و زوال سلولها ،الگوهای منظم بیماریها ، بافتهای نرمال و یا پاتولوژیک ، همه و همه سر منشا طراحی های بی مانند مجموعه های فصلی ساکو هستند که معمولن با یک مفهوم اجتماعی، فلسفی، چالش های احساسی و یا با هدف آگاه سازی و یاآگاهی رسانی همراه هستند. طراح ساکو همواره در تلاش است با فتح قله های خلاقیت و نوآوری ، با حفظ ریشه های ارزشمند گذشته و با نگاهی به آینده ،همسو با استانداردهای جهانی در زمینه ی طراحی پارچه و لباس و با به روز کردن دانش و اطلاعات خود در این زمینه ،بستر جدیدی را رو به آینده ی این صنعت فراهم کند. برند ساکو از سال ۲۰۱۶ با رعایت اصول مد پایدار ، احترام به حقوق کارکنان ،شفافیت در تولید محصولاتی با کیفیت برای مشتریان هنر دوست خود و با احترام به محیط زیست و موجودات زنده ، مشغول به کار و کارآفرینی است و در کارنامه ی هنری خود تا کنون به صورت انفرادی و گروهی در گالری های مطرح تهران نمایشگاه هایی در غالب چیدمان ،فضاسازی و معرفی لباس مجسمه حضوری موفق و قابل توجه داشته است.
میترا رخسار و ثریا احتشامی,DNA,"دی ان ای، DNA ،فعالیت حرفه ای خود را از سال 79 با هدف طراحی اکسسوری برای زنان مدرن آغاز کرد. طراحی کفشهای DNA با الهام از فرهنگ و پیشینه ایران و جریان روزمره زندگی شکل میگیرد، سپس با برش و شکل های مدرن درمی آمیزد. طراحان این برند، با تأکید بر ساده گرایی، کیفیت، راحتی و کاربرد سعی در ارائه ی آثاری مناسب همه ی فصول و استفاده در موقعیت های گوناگون کرده اند. هر مجموعه شالهای دی ان ای تحت نام ""راهی به.."" (a road to)، سری به سرزمینی تاریخی و فرهنگ اش میزند و از انواع بافته های هر تمدن برای طراحی الهام میگیرد، سپس آن را با اصول طراحی پارچه و ترکیب بندی ایرانی می آمیزد. دی ان ای میکوشد با طراحی مسئولانه مانند کاهش دور ریز در طراحی کفش ها با استفاده از روش cutting jigsaw، شال های بدون دور ریز و در نظر گرفتن چرخه ی حیات محصولاتش گامی سوی زمینی پاک تر بردارد."
مانا صمدی,Ammon-leather,"""آمون"" پنجره ای است برای ورود فرم های اصیل موجود در طبیعت به زندگی روزمره. زندگی مدرن و شهری ما را آنقدر از طبیعت دور کرده است که مایلیم فرم ها و اشکالی که در زندگی روزمره با آنها مواجه میشویم یادآوری از طبیعت باشند. استودیو چرم آمون از سال ۲۰۱۸ کار خود را در زمینه ساخت کیف و اکسسوری چرمی الهام گرفته از طبیعت و با هدف استفاده از حجم های ساده و نمادین در زندگی روزمره آغاز کرده است. آمون در کنار طراحی و ساخت آثاری کاربردی تلاش میکند تا رابطه ی میان انسان و طبیعت را مستحکم تر کند. مصنوعات چرمی این برند حاصل هنر دست، احساس، اندیشه و عشقی است که در معرض قضاوت دیدگان شما قرار میگیرد. تلاشی برای عرضه ی آثاری با کیفیت و مانا."
مریم اسماعیلی,Mar-Studio,"""مر"" استودیو در زمستان ۱۳۹۷ با رویکردی معاصر نسبت به هنر نقره سازی متولد شد. پارادوکس میان زیور به عنوان پوششی زینتی و امری ظاهری با جنبه ی مفهومی کارها که با نظر به درون روح انسان و فارغ از جنبه ی ساده‌انگارانه‌ی ظاهری است، به همراه تضاد میان لطافت و خشونت در قالب کانسپت هر مجموعه، پیوندی نمادین میان فرم و مفهوم در آثار مر‌ استودیو ایجاد می کنند. بافت اکسپرسیونیستی ایجاد شده در بیشتر آثار نیز نتیجه ی همین رویکرد است."
مریم مهدوی,Maryam-Mahdavi,مریم مهدوی در ششمین دهه ی زندگی خود یکی از موفق‌ترین و شناخته‌شده‌ترین طراحان لباس در ایران است. مهدوی کارش را دو سال پس از انقلاب و در شرایط سخت جنگ ایران و عراق آغاز کرد و از اولین افرادیست که میراث و زیبایی شناسی سنتی ایران را با هنر طراحی، مخصوصاً طراحی لباس آمیخت. جرقه ی اول کارش از سفری به گیلان زده شد. در آن سفر دامن‌های رنگارنگ و پرچین زنان روستایی توجه او را جلب کرد؛ دامن‌هایی که هر کدام تقریباً از ۱۵ متر پارچه درست شده بودند. همین امر موجب متمرکز شدن مهدوی بر پوشش سنتی ایران و بیگانگی عامه ی مردم با آن شد، انگیزه ای شور انگیز برای آغاز مسیری پر پیچ و خم. مدل های مختلف گیوه، شلیته‌های قاجاری، عباها و هر چیزی که ریشه در میراث پوشش ایرانی دارد، گنجینه ای‌ از ایده و الهام برای مریم است. جسارت مریم را به وضوح میتوان در پالت رنگی او مشاهده کرد؛ به گونه ای که رنگ های تند و زنده از بارزترین ویژگی های آثار او هستند. دلبستگی مهدوی به نقش و نگار های سنتی تا‌ به امروز هم ادامه دارد و به سادگی در کار های او مشهود است؛ مثالِ طرح ها و نقوش برگرفته از فرش و گلیم ایرانی.
مهسا کاظمی فر,mahsa_kazemifar,
معصومه محرابی,Gordafarid,"معصومه محرابی، طراح و بنیان‌گذار لیبل ""گردآفرید"" ، متولد سال ۱۳۶۶ و فارغ‌التحصیل رشته‌ی معماری است. اشتراکات معماری با دیگر رشته‌های هنر و طراحی (دیزاین) زمینه‌ی فعالیت و پرورش در این حوزه‌ها را برای محرابی فراهم کرد‌. پس از گذراندن دوره‌ی کارشناسی ارشد مطالعاتش پیرامون مد و دیزاین وی را در مسیر‌آموختن بیشتر قرار داد. پس‌از کسب چند سال تجربه، در سال ۱۳۹۸ گردآفرید را با هدف طراحی لباس‌هایی آسوده، فارغ از زمان و فرم‌ بدن بنیان گذاشت. همان‌گونه که نام این لیبل از قصه برآمده، آثارش نیز از داستان‌ها نشأت می‌گیرند."
معصومه رضایی,Ako,"مستی رضایی، طراح و موسس لیبل ""آکو""، یکی از بسیار طرفداران بافت کهن ایرانی است و در نقاشی و طراحی لباس پیشینه دارد. وی که سال‌ها درگیر نقوش و طرح‌های فرش ایرانی بوده با استفاده از تکنیک منجوق‌بافی نقوش و ظرافت بافت فرش‌ها را به اثری پوشیدنی تبدیل می‌کند. روشی که از سویی دقت، ظرافت و نقش فرش‌ها را شبیه‌سازی می‌کند و از سویی دیگر به گره‌های فرش شباهت دارد و حس کهن و تاریخی فرش‌بافی را نیز منتقل می‌کند. هر طرح و اثر آکو داستان خاص خود را دارد که تنها پس از مطالعه‌ی اقليم و بافت هر منطقه از ايران به دنیا می‌آیند. داستان‌هایی که از ترکمن صحرا تا ارتفاعات زاگرس گسترده‌اند و در قالب یک زیور بازگو شده‌اند."
مهسا احرابی فرد,OU,"مهسا احرابی فرد طراح و بنیان‌گذار لیبل ""او،"" متولد سال ۱۳۶۲ در تهران و دانش آموخته‌ی روزنامه‌نگاری و عکاسی مستند اجتماعی است. طی تجربه‌ی سال‌ها عکاسی و رویارویی و همنشینی با اقوام مختلف ایران تصمیم می‌گیرد تا نگاهی نو به پوشش و سبک زندگی مردم مناطق گوناگون ایران داشته باشد و با توجه به نیاز مخاطب معاصر، با شکستن ساختارهای سنتی و تلفیق طرح‌ها با توجه به کاربردشان برای استفاده در زندگی شهری و امروزی، پا به عرصه‌ی طراحی بگذارد. بلکه در طراحی لباس ایرانی تحولی ایجاد کند و بیش از پیش با نمادها، فرهنگ و آیین ایرانی نزدیکی. ""او"" با مرور بر لباس اقوام ایرانی طرح‌هایی از ا یرانه خانم زیبا (اشاره به شعر رضا براهنی خطاب به ایران) می‌سازد تا خوانشی تازه از پوشش ایرانی برای ""او"" زنده شود."
نشمین کنعانی,Nashmin-Kanani,نشمین کنعانی متولد سال ۱۳۶۳ تهران؛ مسیر طراحی و ساخت جواهرات را از هنر آموزی در یک موسسه ی خصوصی آغاز کرد و در ادامه ی آن به تحصیل همین رشته در دانشگاه علمی و کاربردی پرداخت. او از همان ابتدای کار خود مشغول ساخت و فروش طراحی هایش شد. علاقه ی بسیارش به نجوم، ستاره ها، سیارات و زمین زمینه ی الهام غالب طراحی های او از این مجموعه است که سیر شکل گیری آن را‌ میتوان در دو سال اخیر مشاهده کرد.
هانی ارجمندی,ZAAK,
نرگس طافی,nargesTafi,
زینب زیوری,zi,زی با تلفیق طرح های پوشش اصیل اقوام ایرانی ونیازهای مخاطب امروزی سعی درنگاهی نو به بستری کهن که آمیخته باهنری به غایت جسورانه است،دارد. هنری برخاسته ازهمزیستی نزدیکترانسان با خودش، باطبیعت، به دور ازدغدغه های زندگی مدرن امروزی. حاصل اين همزيستی جسارتی است که درهمنشانی رنگ ها ونقش هایی كه مادام جریان در طبیعت،در هنر این مردم نیزجلوه گر است وجود دارد. هنری زاده شده توسط زنان ومردانی که تجربه زیسته ی آن هابارها واقعی تر اززندگی مجازی امروزی است وحاصل آن لباس بیانی است از شیوه زیستن آدم ها وتجربیاتشان پیش ازورود زبان نه ارزشی در حال تغییر تحت اختیار نظام سرمایه داری.
هستی ابهری,Addi,
نی نل داوودی,Ninel,
هانیه ذهبی,Haniyeh_Zahbi,
هوشیدر مرتضایی,hushi,
زینب جمشیدی رستمی,Jovesan_Diza,زینب جمشیدی رستمی در یکی ازروستاهای زیبای شهرکرد به دنیا آمد. او از کودکی باطبیعت عجین بود. زینب تحت تاثیرپوشش، رنگ ها وجزئیات لباس ها به سمت رشته نقاشی رفت، دوخت وطراحی لباس را آموخت و در دنیای رنگ ها غرق شد. درفرهنگ بختیاری ایده طراحی بیشترلباس ها از طبیعت بکر بوده و از رنگهای مکمل، دوخت های تزئینی واکسسوری ها باتزیینات منجوق،سنگ، مهره و حتی سکه استفاده میشود. زینب با تکیه بر فرهنگ و آموخته های خود در این سالها در تلاش است تا زیورآلات پارچه ای دست دوزتجزیه پذیر راطراحی و تولید کرده و در زمینه مد پایدارنیز تاثیر گذارباشد.
یاسمن و پانته آ رفیع تبار,Ewara,"ایوارا توسط یاسمن و پانته آ رفیع تبار باهدف خلق اکسسوری امضا دار و منحصر به فرد برای کسانی که دوستدار پوششی متفاوت و برجسته اند پایه گذاری شده و با طرح های جسورانه و خلاق برای مخاطبانش آزادی تعریف سبک پوشش مخصوص خود را با استفاده از اکسسوریز فراهم میکند. در بدن طرحهای ایوارا تاثیرمعماری ، رشته ی تحصیلی خالقانش،را خواهید یافت. تمامی مخلوقات ایوارا با استفاده ازمواد دور ریز وبازیافتی ساخته شده و کاملا دوستدار محیط زیست اند: "" ایوارابرای ما به معنای زندگی بخشیدن به مواد غیر قابل استفاده و بازیافت آن ها به کمک تخیل و طراحیست. برای کسانی که دوست دارند هر روز تکه ای نو بر تن آویزند و به محیط زیست آسیب نرسانند"" در این کالکشن ایوارابرداشتی کاملا مدرن و منحصر به فرد از بدن هنگام رقص را جست و جوکنید و بگذارید پیچش و خم چشم نواز کارها ذهنتان را سوی حس رهایی و ربودگی هنگام چرخیدن و رقص سوق دهد. کارهای این مجموعه را بهت عداد محدود (لیمیتدادیشن) در دیزا بیابید."
یاسمین صالحی,Aseman,یاسمن صالحی،طراح نوآور و بنیاگذار زیورآلات آسمان، گوشواره های متنوع و خلاقانه خود را درسال 97 با هدف شناساندن زیورآلات سرامیکی به دنیای بزرگ فشن و تغییرتصور عموم نسبت به این متریال تاریخی معرفی کرد. طراحی های او باالهام از گوشه وکنار هنر ایران استو تکنیک های مدرن را با این متریال تاریخی می آمیزد تازیورآلاتی منحصربه فرد و با هویت بیافریند.
یلدا ضیایی,Yalda,